{
    "model": "cnn",
    "avg_losses_per_epoch": [
        0.004285820006051411,
        0.0014931434963674594,
        0.0011093141367697777,
        0.0009132047733864359,
        0.000767292004096089,
        0.0006294789026869694,
        0.0005864829281907684,
        0.0004925491559505948,
        0.0004710135775084685,
        0.0003766656110773814
    ],
    "accuracies_per_epoch": [
        0.9155,
        0.9718,
        0.9793666666666667,
        0.9825333333333334,
        0.98485,
        0.98735,
        0.9885,
        0.9903166666666666,
        0.99065,
        0.9922333333333333
    ]
}