{
    "model": "convVAE4",
    "avg_losses_per_epoch": [
        184.37232286783853,
        156.2239795328776,
        153.51868782552083,
        151.99550291341146,
        150.93262891438803,
        150.09796923828125,
        149.58156568196614,
        149.01039310709635,
        148.74626227213543,
        148.3852149169922,
        148.14982890625,
        147.9781024251302,
        147.73263190104166,
        147.4095250813802,
        147.31006627604165,
        147.10857353515624,
        146.93117955729167,
        146.73531634928386,
        146.66971342773437,
        146.5367931152344,
        146.41112122395833,
        146.31563426920573,
        146.17667471516927,
        146.07761846516928,
        146.06920895996095,
        145.87072619628907,
        145.8500290283203,
        145.81983850097657,
        145.74896044921874,
        145.72180294596353,
        145.6955515625,
        145.55948432617188,
        145.64059151204427,
        145.45526826171874,
        145.47159267578124,
        145.3528599283854,
        145.29927763671876,
        145.27116479492187,
        145.2739883626302,
        145.23402846679687,
        145.13554090983072,
        145.11109851074218,
        145.17448259277344,
        145.09858833007812,
        145.0118659749349,
        144.97584049479167,
        144.97241885579427,
        144.86778178710938,
        144.8944200764974,
        144.884387109375
    ],
    "avg_recon_losses_per_epoch": [
        156.64397388509116,
        121.44040924072266,
        117.36448340250651,
        115.16528198242187,
        113.74713276367187,
        112.67181370035807,
        111.85531351318359,
        111.25631774088542,
        110.72594294433594,
        110.35886496988932,
        110.01332861328125,
        109.69484591064453,
        109.42768429361979,
        109.12146411132812,
        108.9772568766276,
        108.76680309651692,
        108.54516303710938,
        108.36227048339843,
        108.25456186930339,
        108.14304920654297,
        107.99686598307292,
        107.88907571614584,
        107.7979900390625,
        107.64211115722657,
        107.57662639973958,
        107.43283850097656,
        107.33322286783854,
        107.28915421142578,
        107.18869180501302,
        107.11970017089844,
        107.08243170572916,
        106.99190046386718,
        106.94262900797526,
        106.88523591308594,
        106.78649580078125,
        106.70194330240885,
        106.60950766194661,
        106.5893789428711,
        106.57192899169922,
        106.52534100341796,
        106.42541529541016,
        106.4230197265625,
        106.42695809733073,
        106.30483701985678,
        106.2972562906901,
        106.22839686686198,
        106.20738839111328,
        106.14229115397136,
        106.10356300455729,
        106.07992610677083
    ],
    "avg_kl_divs_per_epoch": [
        6.932087247439226,
        8.695892495218914,
        9.038551052856445,
        9.207555243937174,
        9.296374053955079,
        9.356538837687175,
        9.431563024902344,
        9.438518898010255,
        9.505079837036133,
        9.5065874516805,
        9.534125040690105,
        9.570814154561361,
        9.576236864217123,
        9.572015200805664,
        9.583202331542969,
        9.585442627970378,
        9.596504215494791,
        9.593261480204264,
        9.603787838745117,
        9.598435898335774,
        9.60356375834147,
        9.606639590962727,
        9.594671156819661,
        9.608876852416993,
        9.623145626322428,
        9.609471989440918,
        9.629201516723633,
        9.63267100423177,
        9.640067197672526,
        9.650525633748373,
        9.65327994740804,
        9.641896052042643,
        9.674490666707356,
        9.642508064778646,
        9.671274283854167,
        9.662729200236003,
        9.672442545572917,
        9.670446427408853,
        9.67551484375,
        9.677171853637695,
        9.677531376647948,
        9.67201969350179,
        9.686881154378256,
        9.698437813313802,
        9.678652483622233,
        9.686860916137695,
        9.691257641601563,
        9.68137266743978,
        9.697714243570964,
        9.70111521657308
    ]
}