{
    "model": "convVAE",
    "avg_losses_per_epoch": [
        146.98463377278645,
        117.79880833333333,
        113.88549313151042,
        111.71129953613281,
        110.28154075520834,
        109.22272467447917,
        108.4718150024414,
        107.82630988769532,
        107.3060421468099,
        106.83168596598307,
        106.52277137858073,
        106.20782507324219,
        105.9211748413086,
        105.68968724365234,
        105.45922150878906,
        105.23439479166667,
        105.04345938720704,
        104.86392120361329,
        104.73498853352865,
        104.55128688964844,
        104.4575837117513,
        104.34631294759114,
        104.25359193115234,
        104.13073405761719,
        104.0125383544922,
        103.88276690266927,
        103.80578377278646,
        103.76571318359375,
        103.64891862792969,
        103.58474383544922,
        103.49801245117187,
        103.44270768229167,
        103.41110564371745,
        103.3133085530599,
        103.27409729410807,
        103.24658000488282,
        103.15561372070313,
        103.07943645019532,
        103.05525485839844,
        103.00281446940105,
        102.96227001546224,
        102.90308728841146,
        102.85462752278646,
        102.82143646647135,
        102.79320703125,
        102.7215932413737,
        102.6966727783203,
        102.7194516398112,
        102.64141829427084,
        102.59825604248047
    ],
    "avg_recon_losses_per_epoch": [
        129.48967993164064,
        99.43237735595703,
        95.31378584391275,
        92.98734082845053,
        91.42300334065756,
        90.28708846028645,
        89.45185380859375,
        88.76833823242187,
        88.1959575358073,
        87.71084916992187,
        87.34449261881511,
        87.01857605794271,
        86.72210895182292,
        86.47636412760417,
        86.24857047526042,
        86.0085151570638,
        85.81516824951171,
        85.64060298258464,
        85.49850015462239,
        85.33417561035156,
        85.20881073404948,
        85.08150865478515,
        84.99049311523437,
        84.86241569010417,
        84.75698317871094,
        84.6436621500651,
        84.54797989908855,
        84.48909584960937,
        84.37908421223959,
        84.31740561116537,
        84.2266370279948,
        84.16871984863282,
        84.10108410644531,
        84.03394696451824,
        83.96788123372396,
        83.92606749674479,
        83.86279436035156,
        83.77225595703125,
        83.73100168050131,
        83.70636330566406,
        83.64891592203776,
        83.59535415852865,
        83.5437052734375,
        83.5205405843099,
        83.46887661132813,
        83.40380520833334,
        83.37436232096354,
        83.35129397786459,
        83.31183771565755,
        83.27376557617187
    ],
    "avg_kl_divs_per_epoch": [
        17.49495394250055,
        18.36643095703125,
        18.5717072458903,
        18.72395859375,
        18.85853740234375,
        18.93563619588216,
        19.019961041259766,
        19.057971581013998,
        19.11008463338216,
        19.120836857096354,
        19.17827888590495,
        19.189248913574218,
        19.19906584370931,
        19.21332306518555,
        19.210650996907553,
        19.2258796101888,
        19.228291162109375,
        19.223318228149413,
        19.23648841349284,
        19.217111291503905,
        19.248772952270507,
        19.264804408772786,
        19.26309889729818,
        19.268318372599285,
        19.25555518391927,
        19.239104787190755,
        19.257803892008464,
        19.27661738688151,
        19.26983441772461,
        19.26733819071452,
        19.271375423177084,
        19.273987799072266,
        19.310021641031902,
        19.279361496988933,
        19.30621626078288,
        19.32051231282552,
        19.29281939086914,
        19.307180505371093,
        19.32425310872396,
        19.29645114746094,
        19.31335400797526,
        19.307733080037433,
        19.310922098795572,
        19.300895884195963,
        19.32433037109375,
        19.31778799947103,
        19.32231049194336,
        19.368157739257814,
        19.329580580647786,
        19.324490438842773
    ]
}