{
    "model": "fcVAE",
    "avg_losses_per_epoch": [
        146.5451423828125,
        121.01589175211589,
        117.23377884114583,
        115.23308557535807,
        113.94972330729166,
        112.94380071207682,
        112.14079653320313,
        111.42728286946614,
        110.83387788492838,
        110.31987386881511,
        109.87193722330728,
        109.42926743164062,
        109.07717233479818,
        108.72726423746745,
        108.45715825602214,
        108.16039144694011,
        107.92000251057942,
        107.68484326171875,
        107.49982125651042,
        107.31907174886068,
        107.1098659790039,
        106.97220994466146,
        106.80721583658854,
        106.65357497151693,
        106.51472156575521,
        106.40205987955729,
        106.2860909749349,
        106.16880396728516,
        106.06979246826172,
        105.97150050048828,
        105.90203924153646,
        105.78808206380208,
        105.70505030517577,
        105.6363010131836,
        105.55187751871745,
        105.4454549641927,
        105.43085034179687,
        105.33692651367187,
        105.29143994954427,
        105.21909064127604,
        105.13944092203776,
        105.08069077148437,
        105.06026276041666,
        104.99161748860678,
        104.89346170247396,
        104.87659602050782,
        104.80468959960938,
        104.77809830322266,
        104.72611730957031,
        104.69888090820312
    ],
    "avg_recon_losses_per_epoch": [
        131.7161799153646,
        104.06415974121094,
        99.81238326009115,
        97.51023273111979,
        96.0146950398763,
        94.85249057617187,
        93.94268890380859,
        93.13041694742839,
        92.48610176595052,
        91.90503640136718,
        91.40650231933594,
        90.93114814860026,
        90.53639307454426,
        90.16895001220703,
        89.85694554850261,
        89.54477180989583,
        89.26494230957032,
        89.02194699707032,
        88.79720387369791,
        88.58951606852213,
        88.39597701009114,
        88.22484392089844,
        88.03392763671874,
        87.87276233723958,
        87.75022563883464,
        87.59575869547525,
        87.46389676513672,
        87.3623215576172,
        87.24508904622395,
        87.1143458211263,
        87.03616779785156,
        86.94642000732422,
        86.83548986816406,
        86.76623126627604,
        86.66693986002605,
        86.56625129394531,
        86.52191070149739,
        86.43190925292969,
        86.38568614908854,
        86.30173931070964,
        86.225574609375,
        86.17276653645834,
        86.11997533365886,
        86.05869566650391,
        85.97130063069662,
        85.92925979410808,
        85.87648833007813,
        85.82862772623697,
        85.7692193766276,
        85.72154706217448
    ],
    "avg_kl_divs_per_epoch": [
        14.828962449383736,
        16.951731875610353,
        17.421395475260418,
        17.722852791341147,
        17.935028287760417,
        18.091310115559896,
        18.198107560221356,
        18.296865849812825,
        18.347776088460286,
        18.414837644449868,
        18.465434879557293,
        18.498119323730467,
        18.540779161580403,
        18.558314118448894,
        18.600212710571288,
        18.615619619750976,
        18.6550603515625,
        18.66289639892578,
        18.70261738688151,
        18.729555511474608,
        18.713888924153647,
        18.747365903727214,
        18.773288067626954,
        18.780812756347657,
        18.764495831298827,
        18.806301282755534,
        18.822194170125325,
        18.806482384236652,
        18.824703521728516,
        18.85715467936198,
        18.865871517944335,
        18.84166202290853,
        18.86956044921875,
        18.870069840494793,
        18.88493753051758,
        18.87920364786784,
        18.908939580281576,
        18.905017247517904,
        18.905753819783527,
        18.91735135599772,
        18.913866079711916,
        18.907924274698892,
        18.94028737589518,
        18.93292194519043,
        18.922161178588865,
        18.947336236572266,
        18.928201369222005,
        18.94947084248861,
        18.95689802652995,
        18.977333882649738
    ]
}